{
    "git_folder": "tellic",
    "pyspark_script_name": "pipeline_script.py",
    "solr_almaren_script": "evidence_indexing.py",
    "neo4j_almaren_script":"tellic_neo4j.py",
    "path": "arch_curation/src/publication",
    "git_url":"git@pig.abbvienet.com:arch-prod/arch_curation.git",
    "num_cores_pyspark":8,
    "num_executors_pyspark":50,
    "executor_memory_pyspark": "50G",
    "driver_memory_pyspark": "50G",
    "num_cores_solr":4,
    "num_executors_solr":10,
    "executor_memory_solr": "50G",
    "driver_memory_solr":"40G",
    "num_cores_neo4j":5,
    "num_executors_neo4j":10,
    "executor_memory_neo4j": "10G",
    "driver_memory_neo4j": "10G",
    "solr_url_collection":"https://arch-prod-tellic-worker0.arch-pro.ug7a-jg6a.cloudera.site:8985/solr/admin/collections",
    "solr_url":"https://arch-prod-tellic-worker0.arch-pro.ug7a-jg6a.cloudera.site:8985/solr/", 
    "action":"CREATE",
    "collection_name1":"evidence",
    "collection_name2":"timeline",
    "numShards":15,
    "replicationFactor":2,
    "maxShardsPerNode":2,
    "abbvie_neo4j_git_folder": "src/publication/abbvie_neo4j",
    "abbvie_neo4j_script": "arch_kgb.py",
    "timeline_indexing_script":"timeline_indexing.py",
    "pipeline_s3_path": "s3a://arch-ENV-datalake/data/pipeline/integrated/",
    "database_name": "pipeline_tellic",
    "pg_host_name": "arch-prod-nabu.c1pzgrqjxdsn.us-east-1.rds.amazonaws.com",
    "port": "5432",
    "pg_database_name": "kosh",    
    "getnodes_parent_path":"arch_curation/src/ingestion",
    "git_folder_tellic_graphlytic":"tellic_graphlytic",
    "getnodes_script":"getnodes.py"

    
}