{
  "age":"string", 
  "age_grp":"string", 
  "assignee":"string", 
  "auth_num":"string", 
  "author":"string", 
  "caseid":"string", 
  "caseversion":"plong",
  "citations":"string", 
  "clinical_signifigances":"string", 
  "concept_1_end":"plong",
  "concept_1_mention":"string", 
  "concept_1_start":"plong" ,
  "concept_2_end":"plong" ,
  "concept_2_mention":"string", 
  "concept_2_start":"plong" ,
  "conditions":"string", 
  "confidence":"pdouble",
  "cumulative_dose":"string", 
  "date":"pdate", 
  "dose_amt":"string", 
  "dose_form":"string", 
  "dose_frequency":"string", 
  "dose_verbatim":"string", 
  "drug_indication":"string", 
  "drug_route":"string", 
  "drug_seq":"string", 
  "drugname":"string", 
  "e_sub":"string", 
  "end_date":"pdate", 
  "end_link":"string", 
  "end_node":"string", 
  "entity_1_name":"string", 
  "entity_2_name":"string", 
  "epoch_time":"plong" ,
  "event_dt":"string", 
  "filing_type":"string", 
  "impact_factor":"pdouble",
  "init_fda_dt":"string", 
  "interventions":"string", 
  "inventor":"string", 
  "journal":"string", 
  "latest_revision_dt":"string", 
  "lineage_filters":"string", 
  "lineage_rulesets":"string", 
  "lineage_sources":"string", 
  "lineage_timestamp":"string", 
  "lineage_version":"string", 
  "link":"string", 
  "lit_ref":"string", 
  "metadata_ENTITY1_PROP_ACTIVE_INGREDIENT":"string", 
  "metadata_ENTITY1_PROP_ANUMBER":"string", 
  "metadata_ENTITY1_PROP_CHEMBL_ID":"string", 
  "metadata_ENTITY1_PROP_CLINICAL_INTERACTION":"string", 
  "metadata_ENTITY1_PROP_DCI":"string", 
  "metadata_ENTITY1_PROP_DDI":"string", 
  "metadata_ENTITY1_PROP_DRUG":"string", 
  "metadata_ENTITY1_PROP_DRUG_NAME":"string", 
  "metadata_ENTITY1_PROP_FDB":"string", 
  "metadata_ENTITY1_PROP_HGNC":"string", 
  "metadata_ENTITY1_PROP_ID":"string", 
  "metadata_ENTITY1_PROP_INCHI_KEY":"string", 
  "metadata_ENTITY1_PROP_MOA":"string", 
  "metadata_ENTITY1_PROP_MOLECULE_TYPE":"string", 
  "metadata_ENTITY1_PROP_NAME":"string", 
  "metadata_ENTITY1_PROP_NDC":"text_general" ,
  "metadata_ENTITY1_PROP_NUM_COMP":"pint",
  "metadata_ENTITY1_PROP_PRIMARYIDENTIFIER":"string", 
  "metadata_ENTITY2_PROP_ACTIVE_INGREDIENT":"string", 
  "metadata_ENTITY2_PROP_ADVERSE_EVENT":"string", 
  "metadata_ENTITY2_PROP_ASSAY":"string", 
  "metadata_ENTITY2_PROP_CELL_LINE":"string", 
  "metadata_ENTITY2_PROP_CLINICAL_INTERACTION":"string", 
  "metadata_ENTITY2_PROP_CLIN_INTERACTION":"string", 
  "metadata_ENTITY2_PROP_DCI":"string", 
  "metadata_ENTITY2_PROP_DDI":"string", 
  "metadata_ENTITY2_PROP_DRUG":"string", 
  "metadata_ENTITY2_PROP_HGNC":"string", 
  "metadata_ENTITY2_PROP_ID":"string", 
  "metadata_ENTITY2_PROP_IDENTIFIERS":"text_general" ,
  "metadata_ENTITY2_PROP_INCHI_KEY":"string", 
  "metadata_ENTITY2_PROP_MEAS_AREA":"string", 
  "metadata_ENTITY2_PROP_MEAS_NAME":"string", 
  "metadata_ENTITY2_PROP_MOA":"string", 
  "metadata_REL_PROP_ACTIVITYQUAL":"string", 
  "metadata_REL_PROP_AES":"string", 
  "metadata_REL_PROP_ASSAYCONFIDENCE":"pdouble",
  "metadata_REL_PROP_AUC":"pdouble",
  "metadata_REL_PROP_BELIEF":"pdouble",
  "metadata_REL_PROP_BIOLOGICAL_ENTITY":"string", 
  "metadata_REL_PROP_CHANGE":"pdouble",
  "metadata_REL_PROP_CODES":"string", 
  "metadata_REL_PROP_COMMENT":"string", 
  "metadata_REL_PROP_CONDITION":"string", 
  "metadata_REL_PROP_DAY_OF_PHASE":"pint",
  "metadata_REL_PROP_DISPLAY_STRING":"string", 
  "metadata_REL_PROP_DOSE":"string", 
  "metadata_REL_PROP_DOSE_GROUP":"pint",
  "metadata_REL_PROP_DOSE_UNITS":"string", 
  "metadata_REL_PROP_DRUG_LEVEL":"pdouble",
  "metadata_REL_PROP_DRUG_LEVEL_QUAL":"string", 
  "metadata_REL_PROP_DURATION_DAYS":"pint",
  "metadata_REL_PROP_EFFECT_AT_MSD":"pdouble",
  "metadata_REL_PROP_EFFECT_TYPE":"string", 
  "metadata_REL_PROP_FOLDOVER_AT_MSD":"pdouble",
  "metadata_REL_PROP_FOLD_OVER_THRESHOLD":"pdouble",
  "metadata_REL_PROP_FREQUENCY":"string", 
  "metadata_REL_PROP_LINK":"string", 
  "metadata_REL_PROP_MAGNITUDE":"string", 
  "metadata_REL_PROP_MAXIMUM_EFFECT":"pdouble",
  "metadata_REL_PROP_MAXIMUM_EFFECT_AT_MED":"pdouble",
  "metadata_REL_PROP_MAXIMUM_EFFECT_DOSE":"pdouble",
  "metadata_REL_PROP_MAXIMUM_FOLDOVER":"pdouble",
  "metadata_REL_PROP_MAXIMUM_FOLDOVER_AT_MED":"pdouble",
  "metadata_REL_PROP_MAXIMUM_STRENGTH":"pint",
  "metadata_REL_PROP_MAXIMUM_STRENGTH_AT_MED":"pint",
  "metadata_REL_PROP_MEASUREMENT_AREA":"string", 
  "metadata_REL_PROP_MEASUREMENT_TIME":"pint",
  "metadata_REL_PROP_MEASUREMENT_TIME_UNITS":"string", 
  "metadata_REL_PROP_MED":"pdouble",
  "metadata_REL_PROP_MED_UNITS":"string", 
  "metadata_REL_PROP_MINIMUM_SIGNIFICANT_DOSE":"pdouble",
  "metadata_REL_PROP_MODALITY":"string", 
  "metadata_REL_PROP_MSD":"pdouble",
  "metadata_REL_PROP_MSD_UNITS":"string", 
  "metadata_REL_PROP_NUM_MEASUREMENTS":"pdouble",
  "metadata_REL_PROP_PARENT_DRUG_ID":"string", 
  "metadata_REL_PROP_PARENT_DRUG_NAME":"string", 
  "metadata_REL_PROP_PHASE":"pint",
  "metadata_REL_PROP_PMIDS":"string", 
  "metadata_REL_PROP_RANK":"pint",
  "metadata_REL_PROP_REPORTED_MOA":"string", 
  "metadata_REL_PROP_REPORTS":"string", 
  "metadata_REL_PROP_RESULT":"pdouble",
  "metadata_REL_PROP_RESULTQUAL":"string", 
  "metadata_REL_PROP_RESULT_QUALIFIER":"string", 
  "metadata_REL_PROP_RESULT_UNCERTAINTY":"pdouble",
  "metadata_REL_PROP_RESULT_WEIGHTAVG":"pdouble",
  "metadata_REL_PROP_ROUTE":"string", 
  "metadata_REL_PROP_SCOPIA_STRENGTH":"string", 
  "metadata_REL_PROP_SEVERITY":"string", 
  "metadata_REL_PROP_SEX":"string", 
  "metadata_REL_PROP_SOURCE":"string", 
  "metadata_REL_PROP_SOURCEMODALITY":"string", 
  "metadata_REL_PROP_SOURCE_ID":"string", 
  "metadata_REL_PROP_SOURCE_LINKID":"string", 
  "metadata_REL_PROP_SPECIES":"string", 
  "metadata_REL_PROP_STRENGTH_AT_MSD":"pint",
  "metadata_REL_PROP_STUDY":"string", 
  "metadata_REL_PROP_STUDY_GROUP_ID":"string", 
  "metadata_REL_PROP_STUDY_ID":"string", 
  "metadata_REL_PROP_TANIMOTO":"pdouble",
  "metadata_REL_PROP_TILESRC":"string", 
  "metadata_REL_PROP_UNITS":"string", 
  "metadata_REL_PROP_VEHICLE":"string", 
  "metadata_REL_PROP_ZSCORE":"pdouble",
  "metadata_abbvie_gene_uid":"string", 
  "metadata_abbvie_phenotype_uid":"string", 
  "metadata_abbvie_variant_uid":"string", 
  "metadata_beta":"pfloat" ,
  "metadata_comments":"string", 
  "metadata_computed_cyto_location":"string", 
  "metadata_cyto_location":"string", 
  "metadata_maf":"pfloat" ,
  "metadata_nearest_genes":"string", 
  "metadata_phenotype":"string", 
  "metadata_pval":"pfloat" ,
  "metadata_sebeta":"pfloat" ,
  "metadata_source":"string", 
  "metadata_variant":"string", 
  "mfr_dt":"string", 
  "mfr_num":"string", 
  "mfr_sndr":"string", 
  "occp_cod":"string", 
  "occr_country":"string", 
  "p_log_value":"pdouble",
  "phase":"string", 
  "protein_interactors":"string", 
  "publications":"string", 
  "reaction":"string", 
  "relUid":"string", 
  "rel_type":"string", 
  "relationship_type":"string", 
  "reporter_country":"string", 
  "rept_cod":"string", 
  "rept_dt":"string", 
  "result":"text_general" ,
  "result_type":"string", 
  "role_cod":"string", 
  "run_date":"string", 
  "sentence_no":"plong" ,
  "sentence_text":"string", 
  "sex":"string", 
  "shared_family":"string", 
  "site_name":"string", 
  "source_id":"string", 
  "source_id_1":"string", 
  "source_id_2":"string", 
  "source_name":"string", 
  "source_type":"string", 
  "source_version":"string", 
  "source_xrefs":"string", 
  "sponsor":"string", 
  "start_date":"pdate", 
  "start_link":"string", 
  "start_node":"string", 
  "strength":"pfloat" ,
  "study_accession":"string", 
  "study_title":"string", 
  "table_name":"string", 
  "target_name":"string", 
  "target_type":"string", 
  "tellic_evidence_id":"string", 
  "text_section":"string", 
  "therapy_duration":"string", 
  "therapy_end_dt":"string", 
  "therapy_start_dt":"string", 
  "tilesrc":"string", 
  "title":"string", 
  "to_mfr":"string", 
  "val_vbm":"string", 
  "wt":"string"
}

